{"cameraMode":{"drawMode":0,"name":"Shaded","section":"Shading Mode"},"sceneLighting":true,"audioPlay":false,"sceneViewState":{"showFog":true,"showMaterialUpdate":false,"showSkybox":true,"showFlares":true,"showImageEffects":true,"showParticleSystems":true},"in2DMode":false,"pivot":{"x":0.22600001096725465,"y":3.0,"z":2.0299999713897707},"rotation":{"x":0.057461075484752658,"y":-0.35414302349090578,"z":0.02180674858391285,"w":0.9331696033477783},"size":8.876570701599121,"orthographic":false}