{"cameraMode":{"drawMode":0,"name":"Shaded","section":"Shading Mode"},"sceneLighting":true,"audioPlay":false,"sceneViewState":{"showFog":true,"showMaterialUpdate":false,"showSkybox":true,"showFlares":true,"showImageEffects":true,"showParticleSystems":true},"in2DMode":false,"pivot":{"x":7.54890251159668,"y":3.514026165008545,"z":4.327234268188477},"rotation":{"x":0.02998523972928524,"y":0.024271829053759576,"z":-0.0007283891900442541,"w":0.9992554187774658},"size":13.082341194152832,"orthographic":false}